,NT_18OW,NT_Deutrium,CT_18OW,CT_Deutrium,,,,,
1/20/2023,-14.2,-106.95,-13.63,-106.79,,,,,
2/10/2023,-14.44,-107.03,-14.19,-106.84,,,,,
3/8/2023,-14.23,-106.99,-13.69,-106.62,,,,,
3/17/2023,-14.58,-106.39,-14,-106.1,,,,,
3/22/2023,-14.92,-106.23,-13.17,-106.33,,,,,
3/28/2023,-14.54,-106.03,-13.54,-105.54,,,,,
4/5/2023,-14.14,-107.06,-14.43,-106.6,,,,,
4/12/2023,-14.38,-106.46,-14.33,-105.83,,,,,
4/20/2023,-14.25,-107.28,-14.14,-107.8,,,,,
4/26/2023,-14.7,-106.3,-14.18,-107.8,,,,,
5/3/2023,-14.48,-106.74,-14.16,-105.8,,,,,
5/10/2023,-14.23,-106.99,-14.15,-107.7,,,,,
5/17/2023,-14.47,-106.86,-14.22,-106.88,,,,,
6/9/2023,-14.37,-106.78,-14.01,-107.78,,,,,
6/16/2023,-14.18,-106.27,-14.58,-106.43,,,,,
6/23/2023,-14.65,-106.05,-14.17,-106.63,,,,,
11/11/2023,-14.66,-105,-13.42,-107.1,,,,,
1/24/2024,-14.25,-104.9,-14.48,-105.5,,,,,
2/14/2024,-14.28,-105.7,-13.67,-101.4,,,,,
2/27/2024,-14.12,-105,-13.55,-102.2,,,,,
3/7/2024,-14.03,-106.2,-13.73,-103.4,,,,,
3/22/2024,-14.14,-106.3,-13.47,-101.3,,,,,
4/11/2024,-14.12,-106.9,-13.65,-104.2,,,,,
4/20/2024,-14.15,-108,-13.69,-105.1,,,,,
5/4/2024,-14.42,-107.9,-14.31,-103.9,,,,,
,,,,,,,,,
,,,,,,,,,
,,,,,,,,,
,,,,,,,,,
