Date,18O_H2O,Detrium_H2O
3/8/2023,-15.2,-112.9
3/17/2023,-17.59,-134.32
3/22/2023,-13.29,-97.37
3/28/2023,-11.38,-81.2
4/5/2023,-15.89,-120.61
4/12/2023,-13.45,-38.19
4/20/2023,-12.41,-88.69
4/26/2023,-10.07,-83.44
5/3/2023,-12.41,-88.33
5/10/2023,-15.72,-119.34
5/17/2023,-14.65,-109.66
12/4/2023,-14.36,-105.5
12/11/2023,-14.54,-106.9
1/5/2024,-13.16,-98.7
1/23/2024,-19.25,-144.5
2/14/2024,-15.44,-118.6
2/27/2024,-14.8,-111
3/7/2024,-13.57,-102.1
3/22/2024,-14.22,-104.3
4/11/2024,-12.94,-96
4/22/2024,-14.99,-111.9
6/4/2024,-16.31,-124.2
