SampleID,Location,Date,Time,mg/L DRP,pH,EC (mS),Turbidity (FTU)
1,CAF_NT_TL,12/2/2023,1256,0.084,7.8,0.3,8.63
2,CAF_NT_TL,12/2/2023,1312,0.084,7.8,0.29,6.37
3,CAF_NT_TL,12/2/2023,1420,0.081,7.79,0.24,8.88
4,CAF_NT_TL,12/4/2023,927,0.087,7.54,0.29,9.16
5,CAF_NT_TL_N,12/4/2023,1127,0.055,7.06,0.27,132.67
6,CAF_CT_TL_N,12/4/2023,1151,0.036,7.27,0.22,106.67
7,CAF_NT_TL,12/9/2023,1426,0.082,7.85,0.16,7.03
8,CAF_NT_TL,12/10/2023,844,0.081,7.55,0.21,19.97
9,CAF_NT_TL,12/10/2023,1210,0.09,7.42,0.28,30.85
10,CAF_NT_TL,12/10/2023,1427,0.099,7.34,0.29,50.23
11,CAF_NT_TL,12/10/2023,2110,0.092,7.34,0.3,43.5
12,CAF_NT_TL,12/11/2023,2109,0.078,7.35,0.32,11.45
13,CAF_CT_TL,12/12/2023,1037,0.047,7.33,0.38,11.7
14,CAF_CT_TL_N,12/5/2023,1035,0.034,7.71,0.21,14.84
15,CAF_NT_TL,12/12/2023,1201,0.065,8.99,0.85,5.13
16,CAF_NT_TL,12/13/2023,2110,0.068,7.89,0.32,3.44
17,CAF_CT_TL,12/19/2023,1105,0.039,7.71,0.23,1.14
18,CAF_NT_TL_N,12/19/2023,1218,0.039,7.64,0.31,23.22
19,CAF_NT_TL,12/20/2023,2116,0.068197164,7.29,0.3,3.77
20,CAF_CT_TL_N,12/26/2023,1040,0.03612424,7.63,0.22,4.15
21,CAF_NT_TL_N,12/26/2023,1104,0.032748143,7.45,0.3,2.14
22,CAF_NT_TL,12/27/2023,2135,0.069885213,7.08,0.3,7.12
23,CAF_CT_TL_N,1/3/2024,1023,0.031060095,7.52,0.21,10.61
24,CAF_NT_TL_N,1/3/2024,1048,0.032748143,7.37,0.3,24.3
25,CAF_NT_TL,1/3/2024,2135,0.069885213,7.12,0.3,1.28
26,CAF_NT_TL,1/9/2024,1224,0.066509115,7.32,0.31,0.27
27,CAF_CT_TL,1/10/2024,1055,0.046252532,7.36,0.38,2.02
28,CAF_CT_TL_N,1/10/2024,945,0.041188386,7.55,0.22,1.3
29,CAF_NT_TL_N,1/10/2024,1022,0.039500338,7.25,0.32,0.35
30,CAF_NT_TL,1/16/2024,1229,0.056380824,8.23,0.31,0.58
31,CAF_CT_TL_N,1/18/2024,249,0.032748143,8.57,0.23,18.15
32,CAF_NT_TL_N,1/15/2024,1109,0.046252532,8.31,0.31,0.58
33,CAF_NT_TL,1/21/2024,142,0.06144497,7.25,0.3,4.68
34,CAF_NT_TL,1/21/2024,403,0.063133018,7.14,0.24,6.14
35,CAF_NT_TL,1/21/2024,1003,0.093517893,6.99,0.29,9.16
36,CAF_NT_TL,1/21/2024,1639,0.098582039,7.1,0.29,8.5
37,CAF_NT_TL,1/22/2024,549,0.076637407,6.93,0.3,16.51
38,CAF_NT_TL,1/22/2024,934,0.054692775,6.84,0.28,22.71
39,CAF_CT_TL,1/24/2024,854,0.03612424,6.67,0.21,5.93
40,CAF_CT_SR_N,1/22/2024,1152,0.074949359,6.59,0.09,112
41,CAF_CT_TL_N,1/21/2024,1342,0.039500338,6.87,0.23,11.35
42,CAF_CT_TL_N,1/22/2024,1210,0.07326131,6.93,0.21,26.21
43,CAF_NT_TL_N,1/21/2024,1319,0.098582039,6.8,0.28,11.55
44,CAF_NT_TL_N,1/22/2024,1350,0.093517893,6.56,0.25,31.86
45,CAF_NT_TL,1/25/2024,704,0.091829845,7.08,0.34,4.92
46,CAF_NT_TL,1/26/2024,534,0.051316678,7.17,0.34,2.24
47,CAF_NT_TL,1/27/2024,1229,0.051316678,6.93,0.27,80
48,CAF_NT_TL,1/29/2024,11,0.054692775,7.2,0.33,2.22
49,CAF_NT_TL,1/31/2024,1628,0.044564483,7.06,0.32,0.84
50,CAF_CT_TL,2/1/2024,1352,0.027683997,7.03,0.31,1.88
51,CAF_CT_TL_N,1/24/2024,1534,0.19480081,6.86,0.24,24.08
52,CAF_CT_TL_N,1/31/2024,859,0.155975692,6.91,0.29,2.07
53,CAF_CT_SR_N,1/24/2024,1532,0.139095206,6.85,0.1,136
54,CAF_CT_SR_N,1/25/2024,17,0.181296421,6.92,0.1,157
56,CAF_CT_SR_N,1/27/2024,1032,0.139095206,6.76,0.08,202
57,CAF_CT_SR_N,1/27/2024,1107,0.125590817,6.75,0.08,146
58,CAF_CT_SR_N,1/27/2024,1142,0.123902768,6.8,0.08,209
59,CAF_CT_SR_N,1/27/2024,1332,0.120526671,6.72,0.08,247
60,CAF_CT_SR_N,1/27/2024,1502,0.13403106,6.68,0.08,222
61,CAF_CT_SR_N,1/27/2024,1942,0.12221472,6.7,0.09,200
62,CAF_NT_TL_N,1/31/2024,927,0.047940581,6.94,0.33,229
63,CAF_NT_TL,2/7/2024,1633,0.046252532,7.32,0.33,1.1
64,CAF_CT_TL,2/8/2024,1410,0.052605126,6.77,0.34,3.32
65,CAF_CT_TL_N,2/6/2024,1204,0.049254481,7.03,0.28,1.44
66,CAF_CT_TL_N,2/6/2024,1249,0.030825934,7.05,0.28,1.27
67,CAF_NT_TL_N,2/16/2024,1504,0.030825934,6.95,0.33,1.62
68,CAF_CT_TL,2/15/2024,950,0.044228514,6.54,0.34,9.87
69,CAF_CT_TL_N,2/8/2024,1519,0.057631094,7.13,0.29,0.76
70,CAF_CT_TL_N,2024/0/209,1029,0.022449321,7.2,0.28,1.21
71,CAF_NT_TL,2/14/2024,1503,0.045903836,6.95,0.32,2.04
72,CAF_CT_SR_N,2/20/2024,1500,0.045903836,7.04,0.07,189
73,CAF_NT_TL_N,2/20/2024,1503,0.139345624,7.02,0.33,11.9
74,CAF_NT_TL,2/23/2024,926,0.036372696,7.32,0.33,1.78
75,CAF_CT_TL,20240226,810,0.052981232,7.82,0.28,10.12
76,CAF_CT_SR,20240226,815,0.047998671,8.29,0.25,10.14
77,CAF_CT_TL_N,20240221,1054,0.018103305,8.04,0.29,11.75
78,CAF_CT_SR_N,20240226,302,0.038033549,8.23,0.05,298
79,CAF_CT_SR_N,20240226,557,0.112771965,8.15,0.06,274
80,CAF_NT_TL_N,20240226,518,0.096163428,7.84,0.26,58
81,CAF_CT_SR_N,20240226,733,0.061285501,8,0.06,242
82,CAF_NT_TL,20240228,1500,0.102806843,9.69,0.48,4.24
83,CAF_NT_TL,20240228,1608,0.056046129,8.77,0.36,29.81
84,CAF_NT_TL,20240228,1911,0.067578254,8.4,0.29,73
85,CAF_NT_TL,20240229,734,0.077462932,8.45,0.35,8.23
86,CAF_NT_TL,20240301,1515,0.054398682,8.51,0.36,2.01
87,CAF_NT_TL,20240302,1220,0.054398682,8.33,0.29,26.62
88,CAF_NT_TL,20240303,2212,0.067578254,8.34,0.34,1.58
89,CAF_CT_TL,20240305,1010,0.051103789,8.47,0.32,6.58
90,CAF_CT_SR_N,20240228,1442,0.047808896,8.37,0.05,91
91,CAF_CT_SR_N,20240228,1517,0.100527183,8.09,0.05,137
92,CAF_CT_SR_N,20240228,1552,0.07416804,8,0.04,173
93,CAF_CT_SR_N,20240228,1827,0.009917628,8,0.05,148
94,CAF_CT_SR_N,20240228,2347,0.07416804,8.11,0.06,154
95,CAF_CT_SR_N,20240229,602,0.079110379,8.12,0.07,147
96,CAF_CT_SR_N,20240229,1505,0.088995058,8.08,0.06,159
97,CAF_CT_TL_N,20240228,1504,0.067578254,8.06,0.29,17.06
98,CAF_CT_TL_N,20240228,1744,0.04121911,8.06,0.3,16.17
99,CAF_CT_TL_N,20240229,1507,0.031334432,8.05,0.31,18.63
100,CAF_NT_TL_N,20240228,1628,0.039571664,7.99,0.26,81
101,CAF_NT_TL_N,20240228,1808,0.075815486,8.01,0.24,74
102,CAF_NT_TL_N,20240229,48,0.075815486,8.04,0.3,29.04
103,CAF_NT_TL_N,20240301,303,0.054398682,8.14,0.33,3.58
104,CAF_NT_TL_N,20240302,1123,0.042866557,8.07,0.28,19.85
105,CAF_NT_TL_N,20240302,1238,0.064283361,7.96,0.25,33.8
106,CAF_NT_TL_N,20240303,313,0.080757825,8.16,0.33,3.33
107,CAF_NT_TL,20240314,120,0.049456343,7.13,0.31,1.04
108,CAF_CT_TL,20240314,1136,0.024744646,7.4,0.27,3.05
109,CAF_CT_SR_N,20240305,1625,0.023097199,7.22,0.005,97
110,CAF_CT_SR_N,20240312,135,0.057693575,6.84,0.06,342
111,CAF_CT_SR_N,20240312,310,0.028039539,6.77,0.06,262
112,CAF_CT_SR_N,20240312,1530,0.085700165,6.72,0.05,326
113,CAF_CT_TL_N,20240307,1507,0.057693575,7.21,0.26,2.12
114,CAF_NT_TL_N,20240306,913,0.011565074,7.27,0.28,6.54
115,CAF_NT_TL_N,20240312,443,0.019802306,7.07,0.25,43.23
116,CAF_NT_TL_N,20240313,313,0.028039539,7.23,0.27,4.94
117,CAF_NT_TL,20240316,1309,0.021449753,7.55,0.27,0.46
118,CAF_CT_TL,20240321,11,0.023890317,6.61,0.29,0.47
119,CAF_CT_TL_N,20240321,1450,0.039314482,7.07,0.24,4.73
120,CAF_NT_TL_N,20240314,1013,0.032459297,7.32,0.25,7.81
121,CAF_NT_TL_N,20240321,1013,0.041028278,6.87,0.27,39.04
122,CAF_NT_TL,20240329,1324,0.051311054,7.15,0.17,0.09
123,CAF_CT_TL,20240329,1356,0.065021422,7.61,0.14,4.98
124,CAF_CT_TL_N,20240321,1452,0.056452442,7.37,0.16,1.8
125,CAF_CT_TL_N,20240328,1452,0.010179949,6.92,0.14,8.32
126,CAF_CT_SR_N,20240327,2020,0.039314482,6.92,0.03,173
127,CAF_NT_TL_N,20240328,1013,0.107866324,6.98,0.15,7.36
128,CAF_NT_TL,20240330,1324,0.04445587,7.56,0.15,0.53
129,CAF_CT_TL,20240404,1030,0.00503856,7.31,0.17,5.35
130,CAF_CT_TL_N,20240329,1447,0.085586975,7.16,0.15,2.73
131,CAF_NT_TL,20240405,444,0.006752356,7.57,0.33,2.95
132,CAF_NT_TL,20240405,1301,0.032459297,7.4,0.29,37.41
133,CAF_NT_TL,20240405,1354,0.071876607,7.19,0.26,82
134,CAF_NT_TL,20240407,710,0.083873179,7.49,0.34,0.75
135,CAF_CT_TL,20240411,956,0.056452442,6.59,0.35,1.18
136,CAF_CT_SR_N,20240405,1345,0.073590403,6.27,0.05,1712
137,CAF_CT_SR_N,20240405,1735,0.078731791,6.3,0.06,1467
138,CAF_CT_SR_N,20240405,2150,0.049597258,6.35,0.06,1275
139,CAF_CT_TL_N,20240405,1447,0.094155955,6.64,0.29,238
140,CAF_CT_TL_N,20240409,1622,0.030745501,7.02,0.33,4.72
141,CAF_NT_TL_N,20240405,1328,0.010179949,6.8,0.25,100
142,CAF_NT_TL_N,20240406,1833,0.032459297,7.1,0.34,2.25
143,CAF_NT_TL_N,20240409,1319,0.058166238,7.11,0.34,2.11
144,CAF_NT_TL_N,20240409,1628,0.054738646,7.14,0.34,0.87
145,CAF_NT_TL,20240412,959,0.070162811,7.89,0.31,2.03
146,CAF_CT_TL,20240418,943,0.039314482,7.14,0.36,5.77
147,CAF_CT_TL_N,20240416,1527,0.058166238,7.09,0.32,3.84
148,CAF_NT_TL_N,20240416,1628,0.002180476,7.2,0.33,0.69
149,CAF_NT_TL,20240421,511,0.02398524,7.61,0.34,0.08
150,CAF_CT_TL_N,20240423,1527,0.007212345,6.98,0.32,1.39
151,CAF_NT_TL_N,20240423,1628,0.008889634,7.41,0.32,0.98
152,CAF_NT_TL,20240428,521,0.003857766,7.79,0.35,0.48
153,CAF_CT_TL,20240508,1608,0.000503187,7.99,0.32,7.5
154,CAF_CT_TL_N,20240430,1527,0.069272056,7.41,0.35,0.56
155,CAF_NT_TL_N,20240430,1628,0.025662529,7.52,0.35,0.63
156,CAF_NT_TL,20240505,531,0.000503187,7.74,0.35,0.55
157,CAF_CT_TL_N,20240504,727,0.05585374,7.88,0.33,0.3
158,CAF_NT_TL_N,20240507,1628,0.000503187,7.59,0.35,1.17
159,CAF_NT_TL,20240512,541,0.000503187,7.47,0.37,0.64
160,CAF_CT_TL,20240515,1305,0.000503187,7.35,0.34,8.01
161,CAF_CT_TL_N,20240511,727,0.065917477,7.1,0.34,0.92
162,CAF_NT_TL_N,20240514,1628,0.02398524,7.16,0.35,3.69
163,CAF_NT_TL,20240519,550,0.040758135,7.36,0.3,1.29
164,CAF_CT_TL_N,20240518,726,,7.24,0.32,0.2
165,CAF_NT_TL,20240527,601,,6.93,0.33,0.93
166,CAF_CT_TL_N,20240525,726,,6.99,0.3,0.62
167,CAF_NT_TL_N,20240521,1633,,7.25,0.31,1.17
168,CAF_NT_TL,20240613,611,,7.66,0.43,8.17
169,CAF_CT_TL,20240605,823,,7..75,0.38,38.19
170,CAF_CT_TL_N,20240601,726,,7.68,0.33,1.04
171,CAF_NT_TL_N,20240528,1633,,7.67,0.35,0.65
172,CAF_NT_TL_N,20240604,1633,,7.35,0.37,2.57
173,CAF_NT_TL,20240610,621,,7.27,0.38,1.39
174,CAF_NT_TL_N,20240608,726,,7.08,0.21,1.99
175,CAF_NT_TL,20240617,631,,7.76,0.33,2.49
176,CAF_CT_TL_N,20240615,726,,7.38,0.3,1.38
177,CAF_NT_TL_N,20240611,1633,,7.43,0.32,0.1
178,CAF_CT_TL_N,20240622,726,,6.97,0.33,1.59
179,CAF_NT_TL_N,20240618,1633,,7.3,0.33,2.42
180,CAF_NT_TL_N,20240625,1633,,7.15,0.33,3.62
181,CAF_CT_TL_N,20240629,726,,6.68,0.3,0.93
182,CAF_NT_TL_N,20240702,1633,,7.01,0.33,0.45
183,CAF_CT_TL_N,20240706,726,,6.64,0.26,0.79
184,CAF_NT_TL_N,20240709,1633,,6.59,0.32,0.24
185,CAF_CT_TL_N,20240713,726,,6.51,0.19,0.1
186,CAF_NT_TL_N,20240716,1633,,6.61,0.31,0.87
,,,,,,,
