Date,CT,NT
1/20/2023,12.9,13.5
2/10/2023,13.1,11.8
3/8/2023,11.63724215,16.26101227
3/17/2023,15.72704595,16.27447674
3/22/2023,15.28018182,15.59857914
3/28/2023,15.97978218,16.05005277
4/5/2023,15.57992823,15.84198347
4/12/2023,15.57301205,15.57488294
4/20/2023,15.58763533,15.1427381
4/26/2023,14.66453608,15.55188755
5/3/2023,14.9342268,15.36325359
5/10/2023,15.67011136,15.78126915
5/17/2023,13.275,12.825
6/9/2023,13.075,13.155
6/16/2023,13.27,12.16
6/23/2023,13.08,12.93
12/4/2023,12.115,12.645
12/11/2023,11.175,11.065
1/5/2024,11.375,12.245
1/23/2024,13.15,14.345
2/14/2024,12.38,12.505
2/27/2024,12.59,11.05
3/7/2024,12.51,12.215
3/22/2024,13.085,12.4
4/11/2024,12.315,11.87
4/22/2024,11.275,12.22
6/4/2024,11.275,12.315
